{
  "baser": 66.0,
  "système": 38.0,
  "concept": 37.0,
  "exemple": 34.0,
  "fonction": 32.0,
  "mot": 32.0,
  "termer": 27.5,
  "régularisation": 26.0,
  "entrer": 26.0,
  "mesurer": 26.0,
  "travail": 26.0,
  "décrire": 23.0,
  "Cette": 22.0,
  "elles": 22.0,
  "régler": 21.0,
  "dont": 21.0,
  "montrer": 21.0,
  "utilisation": 18.0,
  "marquer": 18.0,
  "sujet": 17.0,
  "cadrer": 17.0,
  "automatique": 17.0,
  "figurer": 16.0,
  "considérer": 15.0,
  "typer": 14.666666666666666,
  "niveau": 14.0,
  "sembler": 13.0,
  "certain": 12.0,
  "exister": 12.0,
  "étapes": 12.0,
  "le": 11.666666666666666,
  "ce": 11.6,
  "présenter": 11.5,
  "premier": 11.0,
  "déterminer": 11.0,
  "titrer": 10.0,
  "logiciel": 10.0,
  "difficulté": 10.0,
  "r": 10.0,
  "différent": 10.0,
  "chercher": 10.0,
  "d'": 9.543478260869565,
  "rechercher": 9.0,
  "utiliser": 8.8,
  "lister": 8.5,
  "Ainsi": 8.0,
  "grand": 8.0,
  "application": 8.0,
  "aussi": 8.0,
  "importer": 8.0,
  "détailler": 8.0,
  "traitement": 7.666666666666667,
  "suivante": 7.0,
  "autre": 7.0,
  "ensuite": 7.0,
  "agir": 7.0,
  "coder": 7.0,
  "différents": 7.0,
  "ordre": 6.5,
  "soudre": 6.333333333333333,
  "nom": 6.25,
  "commander": 6.111111111111111,
  "éviter": 6.0,
  "viser": 6.0,
  "sortir": 6.0,
  "défaillir": 6.0,
  "objet": 6.0,
  "long": 6.0,
  "chaque": 6.0,
  "calculer": 6.0,
  "ajouter": 6.0,
  "mieux": 6.0,
  "améliorer": 6.0,
  "solution": 6.0,
  "chacun": 6.0,
  "éventuellement": 6.0,
  "seul": 5.666666666666667,
  "nombrer": 5.6,
  "se": 5.285714285714286,
  "très": 5.25,
  "également": 5.0,
  "opter": 5.0,
  "maximum": 5.0,
  "inclure": 5.0,
  "leur": 5.0,
  "critère": 5.0,
  "bonner": 5.0,
  "confiancer": 5.0,
  "mener": 5.0,
  "convenir": 5.0,
  "deux": 4.777777777777778,
  "début": 4.666666666666667,
  "problème": 4.666666666666667,
  "suivre": 4.6,
  "obtenir": 4.6,
  "nécessaire": 4.5,
  "créer": 4.5,
  "celle": 4.5,
  "cas": 4.363636363636363,
  "où": 4.333333333333333,
  "ici": 4.333333333333333,
  "possible": 4.333333333333333,
  "trois": 4.333333333333333,
  "plaire": 4.052631578947368,
  "indication": 4.0,
  "après": 4.0,
  "ainsi": 4.0,
  "processus": 4.0,
  "discipliner": 4.0,
  "impliquer": 4.0,
  "effet": 4.0,
  "rejoindre": 4.0,
  "position": 4.0,
  "conséquent": 4.0,
  "proposer": 3.7777777777777777,
  "noter": 3.6666666666666665,
  "porter": 3.6666666666666665,
  "donc": 3.5833333333333335,
  "permettre": 3.5625,
  "dernier": 3.5,
  "Cependant": 3.5,
  "nouvelles": 3.5,
  "comprendre": 3.5,
  "que": 3.4166666666666665,
  "généralement": 3.3333333333333335,
  "alors": 3.3333333333333335,
  "simple": 3.3333333333333335,
  "afin": 3.2857142857142856,
  "être": 3.2666666666666666,
  "donner": 3.1,
  "tant": 3.0,
  "effectuer": 3.0,
  "plusieurs": 3.0,
  "réseau": 3.0,
  "oeuvre": 3.0,
  "prochain": 3.0,
  "fermer": 3.0,
  "recourir": 3.0,
  "complet": 3.0,
  "remettre": 3.0,
  "néanmoins": 3.0,
  "possibilité": 3.0,
  "réussir": 3.0,
  "résultats": 3.0,
  "devenir": 3.0,
  "divers": 3.0,
  "tenter": 3.0,
  "celle-ci": 3.0,
  "création": 3.0,
  "varier": 3.0,
  "rester": 3.0,
  "convier": 3.0,
  "corriger": 3.0,
  "Voici": 3.0,
  "bon": 3.0,
  "risquer": 3.0,
  "aucun": 2.75,
  "tel": 2.6666666666666665,
  "peu": 2.6666666666666665,
  "dernière": 2.6666666666666665,
  "aider": 2.6666666666666665,
  "concerner": 2.6,
  "traiter": 2.5555555555555554,
  "retrouver": 2.5,
  "ci-dessous": 2.5,
  "majorité": 2.5,
  "vérifier": 2.5,
  "reprendre": 2.5,
  "procéder": 2.5,
  "correspondre": 2.5,
  "général": 2.5,
  "qualité": 2.5,
  "coup": 2.5,
  "certainer": 2.5,
  "tout": 2.4705882352941178,
  "non": 2.4545454545454546,
  "information": 2.4285714285714284,
  "moyen": 2.3333333333333335,
  "réponse": 2.3333333333333335,
  "servir": 2.3333333333333335,
  "partir": 2.2941176470588234,
  "commer": 2.272727272727273,
  "réaliser": 2.25,
  "fin": 2.2,
  "selon": 2.2,
  "avoir": 2.0952380952380953,
  "découvrir": 2.0,
  "nombreux": 2.0,
  "immédiatement": 2.0,
  "prendre": 2.0,
  "revancher": 2.0,
  "déjà": 2.0,
  "cependant": 2.0,
  "seconder": 2.0,
  "Or": 2.0,
  "activités": 2.0,
  "écrire": 2.0,
  "choisir": 2.0,
  "toutefois": 2.0,
  "priser": 2.0,
  "privilégier": 2.0,
  "démarcher": 2.0,
  "réfléchir": 2.0,
  "couvrir": 2.0,
  "Chaque": 2.0,
  "partager": 2.0,
  "distancer": 2.0,
  "augmenter": 2.0,
  "abord": 2.0,
  "intérieur": 2.0,
  "membrer": 2.0,
  "principalement": 2.0,
  "lorsque": 2.0,
  "particulière": 2.0,
  "remercier": 2.0,
  "environ": 2.0,
  "celui": 2.0,
  "actuellement": 2.0,
  "laisser": 2.0,
  "Enfin": 2.0,
  "jeuner": 2.0,
  "prévoir": 2.0,
  "poindre": 2.0,
  "essayer": 2.0,
  "Lors": 2.0,
  "trouver": 1.75,
  "commencer": 1.75,
  "voir": 1.7142857142857142,
  "situation": 1.6666666666666667,
  "kɛl": 1.6666666666666667,
  "condition": 1.6666666666666667,
  "pouvoir": 1.6444444444444444,
  "statut": 1.6,
  "c'est": 1.5714285714285714,
  "ne": 1.53125,
  "livrer": 1.5,
  "modifier": 1.5,
  "connaissance": 1.5,
  "sans": 1.5,
  "première": 1.5,
  "notamment": 1.5,
  "technique": 1.5,
  "départir": 1.5,
  "miser": 1.5,
  "beaucoup": 1.5,
  "principe": 1.5,
  "jusque": 1.5,
  "e": 1.4,
  "nouveau": 1.4,
  "lieu": 1.4,
  "poser": 1.4,
  "pourquoi": 1.3333333333333333,
  "deuxième": 1.3333333333333333,
  "plupart": 1.3333333333333333,
  "terminer": 1.3333333333333333,
  "expérience": 1.3333333333333333,
  "particulier": 1.3333333333333333,
  "posséder": 1.3333333333333333,
  "faire": 1.3142857142857143,
  "passer": 1.2222222222222223,
  "participer": 1.1666666666666667,
  "disposer": 1.1666666666666667,
  "question": 1.1666666666666667,
  "tenir": 1.1666666666666667,
  "quelque": 1.1666666666666667,
  "devoir": 1.121212121212121,
  "mettre": 1.1,
  "pays": 1.0,
  "correspondant": 1.0,
  "acheter": 1.0,
  "organiser": 1.0,
  "conseil": 1.0,
  "personnaliser": 1.0,
  "choix": 1.0,
  "préparer": 1.0,
  "changement": 1.0,
  "juste": 1.0,
  "courir": 1.0,
  "contrer": 1.0,
  "avant": 1.0,
  "Lorsque": 1.0,
  "espacer": 1.0,
  "admettre": 1.0,
  "fournir": 1.0,
  "malgré": 1.0,
  "appeler": 1.0,
  "préciser": 1.0,
  "incomplet": 1.0,
  "conséquence": 1.0,
  "étudier": 1.0,
  "procédure": 1.0,
  "entendre": 1.0,
  "seulement": 1.0,
  "communication": 1.0,
  "relever": 1.0,
  "rencontrer": 1.0,
  "là": 1.0,
  "nouvel": 1.0,
  "impossible": 1.0,
  "pédagogiquement": 1.0,
  "Paris": 1.0,
  "médeciner": 1.0,
  "Journal": 1.0,
  "Tel": 1.0,
  "près": 1.0,
  "intéresser": 1.0,
  "indispensable": 1.0,
  "endroit": 1.0,
  "garer": 1.0,
  "court": 1.0,
  "disposition": 1.0,
  "affiner": 1.0,
  "autour": 1.0,
  "finesse": 1.0,
  "aujourd'": 1.0,
  "huir": 1.0,
  "parcourir": 1.0,
  "carrefour": 1.0,
  "connaitre": 1.0,
  "expliquer": 1.0,
  "vidéo": 1.0,
  "explicatif": 1.0,
  "garder": 1.0,
  "annoncer": 1.0,
  "maniérer": 1.0,
  "travailler": 1.0,
  "obligatoirement": 1.0,
  "env": 1.0,
  "conduire": 1.0,
  "optique": 1.0,
  "parfaitement": 1.0,
  "renvoyer": 1.0,
  "cibler": 1.0,
  "répéter": 1.0,
  "minimum": 1.0,
  "couper": 1.0,
  "sport": 1.0,
  "Si": 0.95,
  "lors": 0.9,
  "rendre": 0.9,
  "encore": 0.9,
  "car": 0.8888888888888888,
  "lequel": 0.8333333333333334,
  "fois": 0.8,
  "via": 0.8,
  "celer": 0.8,
  "vers": 0.75,
  "toujours": 0.75,
  "souci": 0.75,
  "savoir": 0.7272727272727273,
  "temps": 0.7142857142857143,
  "si": 0.7037037037037037,
  "compter": 0.7037037037037037,
  "produire": 0.6666666666666666,
  "directement": 0.6666666666666666,
  "valider": 0.6666666666666666,
  "détail": 0.6666666666666666,
  "chez": 0.6666666666666666,
  "compléter": 0.6666666666666666,