{
  "peut-être": 0.5,
  "x": 0.5,
  "Puis": 0.5,
  "durer": 0.5,
  "prochaine": 0.5,
  "région": 0.5,
  "aller": 0.4444444444444444,
  "-": 0.42857142857142855,
  "": 0.391304347826087,
  "répondre": 0.375,
  "puis": 0.3333333333333333,
  "validation": 0.3333333333333333,
  "signer": 0.3333333333333333,
  "différer": 0.3333333333333333,
  "social": 0.3333333333333333,
  "parce": 0.3333333333333333,
  "offrir": 0.3333333333333333,
  "depuis": 0.3333333333333333,
  "fonctionnement": 0.3333333333333333,
  "revenir": 0.3333333333333333,
  "participation": 0.3333333333333333,
  "accepter": 0.3076923076923077,
  "quel": 0.3,
  "indiquer": 0.2857142857142857,
  "demander": 0.25,
  "nouvelle": 0.25,
  "charger": 0.25,
  "phaser": 0.25,
  "remplir": 0.25,
  "libre": 0.25,
  "futur": 0.25,
  "paiement": 0.23076923076923078,
  "arriver": 0.23076923076923078,
  "venir": 0.23076923076923078,
  "souhaiter": 0.2222222222222222,
  "connaître": 0.2,
  "régulièrement": 0.2,
  "géographique": 0.2,
  "Bien": 0.2,
  "entreprise": 0.2,
  "disponible": 0.18181818181818182,
  "quand": 0.18181818181818182,
  "obligatoire": 0.16666666666666666,
  "équiper": 0.16666666666666666,
  "rien": 0.14285714285714285,
  "ligner": 0.1111111111111111,
  "inscrire": 0.10344827586206896,
  "message": 0.07692307692307693,
  "proposition": 0.058823529411764705,
  "voiturer": 0.058823529411764705
}